"-77.10147","38.91994476","FLETCHERS BOATHOUSE TUNNEL","6'-2"""
"-77.94794","39.61644363","FOUR LOCKS TUNNEL","7'-8"""
"-82.348272","35.218083","Pearson’s Falls  Access Tunnel","7'-8"""
"-77.97034","39.60858154","McCOYS FERRY TUNNEL","7'-10"""
"-81.25313","37.25901","Bluefield Tunnel","8'-10"""
"-81.955731","35.546064","Vein Mountain Road Tunnel","9'-5"""
"-86.8000104","33.521987","5th Avenue Tunnel","9'-9"""
"-103.57819737","43.84720951","Hood Tunnel","9'-10"""
"-85.25375","35.051733","Wilcox Tunnel","9'-10"""
"-103.7084","41.83552932","TUNNEL #3","10'-5"""
"-112.9597","37.2104454","ZION - MOUNT CARMEL TUNNEL","10'-5"""
"-76.69928","37.27313995","WILLIAMSBURG TUNNEL","10'-6"""
"-108.7357","39.1127777","RIM ROCK DRIVE TUNNEL #1","10'-8"""
"-108.7359","39.1149444","RIM ROCK DRIVE TUNNEL #2","10'-9"""
"-119.6977","37.72330474","BIG OAK FLAT TUNNEL #1","10'-11"""
"-103.43799572","43.86219922","C.C. Gideon Tunnel","11'-0"""
"-108.6466","39.03258514","RIM ROCK DRIVE TUNNEL #3","11'-2"""
"-118.70779722","34.06933611","Malibu Canyon Tunnel","11'-3"""
"-94.07336168","41.29547496","6100.3T637","11'-4"""
"-103.49077253","43.82015796","Iron Creek Tunnel","11'-4"""
"-103.54108972","43.8418165","Needles Eye Tunnel","11'-4"""
"-75.177829","39.964729","Spring Garden Tunnel","11'-5"""
"-119.9631","47.27294","BAIRD SPRINGS TUNNEL","11'-6"""
"-80.039521","40.452825","Corliss St. Tunnel","11'-8"""
"-77.19821","38.97311019","CARDEROCK TUNNEL","11'-9"""
"-103.7096","41.831501","TUNNEL #1","11'-9"""
"-83.18761","35.50780487","LICKSTONE RIDGE TUNNEL","11'-10"""
"-80.071714","40.474064","Stowe TWP Seventh St. Tunnel","11'-11"""
"-118.13574444","34.3139","Angeles Forest Highway","12'-0"""
"-88.04036666","30.69028333","Bankhead Tunnel","12'-0"""
"-117.67576944","34.200525","Mount Baldy Road Tunnel #1","12'-0"""
"-117.67678611","34.20380278","Mount Baldy Road Tunnel #2","12'-0"""
"-118.0962","34.24097","Mueller Tunnel","12'-0"""
"-103.7098","41.83286285","TUNNEL #2","12'-0"""
"-74.00566","40.681833","Hugh L. Carey Tunnel","12'-2"""
"-73.954056","40.741507","Queens Midtown Tunnel","12'-2"""
"-104.9986","37.34","Apishapa Arch","12'-3"""
"-119.7036","37.72549819","BIG OAK FLAT TUNNEL #2","12'-3"""
"-103.43448044","43.86809113","Doane Robinson Tunnel","12'-3"""
"-121.610817","45.71785","TUNNEL NO 3","12'-3"""
"-83.03308","35.43375015","PINNACLE RIDGE TUNNEL","12'-4"""
"-85.267533","35.008967","Bachman Tunnel","12'-6"""
"-105.251111","39.746111","Clear Creek Canyon #1","12'-6"""
"-74.02137","40.72724","Holland Tunnel","12'-6"""
"-103.43131881","43.85984775","Scovel Johnson Tunnel","12'-6"""
"-121.624641","45.7110558","TUNNEL NO 1","12'-6"""
"-83.19278","35.51380538","BUNCHES BALD TUNNEL","12'-8"""
"-83.21484","35.51783371","BIG WITCH TUNNEL","12'-9"""
"-122.385525","37.92122778","Dornan Drive Tunnel","12'-9"""
"-78.31214","38.65455627","MARYS ROCK TUNNEL","12'-9"""
"-112.2996","37.741","Rock Tunnel in Red Canyon","12'-9"""
"-117.25","47.56667","UPRR OVER MADISON RD","12'-9"""
"-118.24836111","34.05333611","2nd Street Tunnel","12'-10"""
"-122.1346583","43.61508333","Salt Creek Tunnel, Hwy 18","12'-10"""
"-121.585358","45.72011","TUNNEL NO 5","12'-10"""
"-86.158331","39.762023","Meridian Street under CSX RR and Other Items","12'-11"""
"-109.351447","33.071475","Rock Tunnel","12'-11"""
"-105.328889","39.741667","Clear Creek Canyon #3","13'-0"""
"-105.406389","39.7425","Clear Creek Canyon #5","13'-0"""
"-83.0404","42.3239","Detroit Windsor","13'-0"""
"-72.67466","41.7622","Hartford Library Tunnel","13'-0"""
"-74.00879","40.76201","Lincoln  Tunnel","13'-0"""
"-80.00425","40.431936","Mt Washington Tunnel","13'-0"""
"-111.0835","33.3044","Queen Creek Tunnel","13'-0"""
"-83.71525","35.64958191","BOTE MOUNTAIN TUNNEL","13'-2"""
"-90.0857","29.896417","Harvey Tunnel","13'-2"""
"-121.275","45.69","LYLE TUNNEL","13'-2"""
"-75.147911","39.954302","Fifth Street Tunnel","13'-3"""
"-83.0451","42.3265","Hart Plaza","13'-3"""
"-119.7191","37.72258377","BIG OAK FLAT TUNNEL #3","13'-4"""
"-117.4492","47.63264","BNSF OC THORPE RD","13'-4"""
"-117.4471","47.63269","FISH TRAIL OC THORPE RD","13'-4"""
"-120.145683","47.77834","KNAPPS HILL TUNNEL","13'-4"""
"-119.27620699","34.50716189","Middle Matilija Tunnel","13'-4"""
"-119.27568831","34.50761515","North Matilija Tunnel","13'-4"""
"-119.28387949","34.50733539","South Matilija Tunnel","13'-4"""
"-121.664","46.76338958","STEVENS CANYON ROAD TUNNEL #1","13'-4"""
"-77.0325","38.90583333","Thomas Circle over 14th Street, N.W.","13'-4"""
"-80.009306","40.434522","Wabash HOV Tunnel","13'-4"""
"-119.6776","37.71558381","WAWONA TUNNEL","13'-4"""
"-121.13","46.6566658","RIMROCK TUNNEL","13'-5"""
"-71.038","42.373","SUMNER TUNNEL","13'-5"""
"-71.0552222","42.362379","THOMAS P. TIP ONEILL JR TUNNEL - 93NB","13'-5"""
"-77.04667","38.92499923","ZOO TUNNEL","13'-5"""
"-105.4136","38.9319","11 Mile #1","13'-6"""
"-77.01388889","38.56888889","Air Rights Tunnel (Center Leg Freeway - I-395)","13'-6"""
"-117.86229999","34.36136665","Angeles Crest Tunnel 2","13'-6"""
"-82.74692","35.41808319","BUCK SPRING TUNNEL","13'-6"""
"-71.0533","42.363","CALLAHAN TUNNEL","13'-6"""
"-76.0768","37.0364","Chesapeake Channel Tunnel","13'-6"""
"-82.37634","35.70119476","CRAGGY PINNACLE TUNNEL","13'-6"""
"-80.009193","40.414597","LIBERTY TUNNEL N.B.","13'-6"""
"-79.999519","40.428974","LIBERTY TUNNEL S.B.","13'-6"""
"-118.48049722","34.1288","Sepulveda Blvd Tunnel","13'-6"""
"-76.1126","36.9662","Thimble Shoal Tunnel","13'-6"""
"-121.61911","45.714695","TUNNEL NO 2","13'-6"""
"-104.989167","39.761111",,"13'-6"""
"-81.73165","36.593533","Barebone Rock Tunnel","13'-8"""
"-79.32198","37.66561126","BLUFF MOUNTAIN TUNNEL","13'-8"""
"-122.40709253","37.79027898","Stockton Street Tunnel","13'-8"""
"-106.145833","38.876389",,"13'-8"""
"-73.99389","40.75808","41st Street Underpass","13'-9"""
"-107.661667","38.003611","Bear Creek","13'-9"""
"-71.02863889","42.3536056","TED WILLIAMS TUNNEL WESTBOUND","13'-9"""
"-121.598137","45.7202225","TUNNEL NO 4","13'-9"""
"-87.636664","41.876189",,"13'-9"""
"-82.71464","35.45013809","FORK MOUNTAIN TUNNEL","13'-10"""
"-82.77361","35.39152908","FRYING PAN TUNNEL","13'-10"""
"-71.05275556","42.34755278","I-90 WB CONNECTOR TUNNEL","13'-10"""
"-71.04513333","42.34839444","I-90 WB CONNECTOR TUNNEL","13'-10"""
"-71.04067222","42.34708333","I-90 WB CONNECTOR TUNNEL","13'-10"""
"-85.2589","35.03","McCallie Tunnel","13'-10"""
"-79.926506","40.427929","Squirrel Hill Tunnel EB","13'-10"""
"-79.911552","40.425953","Squirrel Hill Tunnel WB","13'-10"""
"-121.527","46.84650039","SR 123 TUNNEL","13'-10"""
"-121.6377","46.76181411","STEVENS CANYON ROAD TUNNEL #2","13'-10"""
"-131.6493","55.343","Water Street Tunnel","13'-10"""
"-117.86449908","34.36246376","Angeles Crest Tunnel 1","13'-11"""
"-82.538672","35.598739","Beaucatcher Tunnel","13'-11"""
"-71.05985833","42.34616944","I-90 EB CONNECTOR TUNNEL","13'-11"""
"-71.05271944","42.34736667","I-90 EB CONNECTOR TUNNEL","13'-11"""
"-71.05218056","42.34785278","I-90 WB CONNECTOR TUNNEL","13'-11"""
"-71.0853","42.3475","PRUDENTIAL TUNNEL","13'-11"""
"-71.024825","42.36164167","RAMP TAD","13'-11"""
"-71.03773889","42.34660278","TED WILLIAMS TUNNEL EASTBOUND","13'-11"""
"-71.02851389","42.35361111","TED WILLIAMS TUNNEL EASTBOUND","13'-11"""
"-71.0563333","42.352672","THOMAS P. TIP ONEILL JR TUNNEL - 93NB","13'-11"""
"-71.0687615","42.3659127","THOMAS P. TIP ONEILL JR TUNNEL - 93NB
93","13'-11"""
"-76.5767083","39.2460167","BHT - Baltimore Harbor Tunnel","14'-0"""
"-83.0491","42.3265","Cobo Hall","14'-0"""
"-83.0489","42.3279","Cobo Hall","14'-0"""
"-77.04388889","38.90102778","Dupont Circle over Connecticut Avenue","14'-0"""
"-122.7003","47.04944","DURGIN ROAD TUNNEL","14'-0"""
"-80.024391","40.431789","FORT PITT TUNNEL E.B. Inbound","14'-0"""
"-80.013885","40.437614","FORT PITT TUNNEL W.B. outbound","14'-0"""
"-72.97139","41.34386","Heroes Tunnel","14'-0"""
"-82.17847","37.86902","Historic Dingess Tunnel","14'-0"""
"-90.708867","29.588383","Houma Tunnel","14'-0"""
"-71.061212","42.3433998","I-90 EB CONNECTOR TUNNEL","14'-0"""
"-71.04416944","42.34794167","I-90 EB CONNECTOR TUNNEL","14'-0"""
"-71.0406238","42.347241","I-90 WB CONNECTOR TUNNEL","14'-0"""
"-118.81088056","34.10511667","Kanan Road Northbound","14'-0"""
"-89.8401","38.5449","Mid-America Taxiway over East Drive","14'-0"""
"-86.15644","39.763083","Pennsylvania Street under CSX RR and Other Items","14'-0"""
"-77.03654167","38.45416667","Scott Circle over 16th Street, N.W.","14'-0"""
"-123.2527944","45.73092778","Sunset Tunnel, Hwy 47 (Dennis L Edwards Tunnel)","14'-0"""
"-71.02499722","42.36116667","TED WILLIAMS TUNNEL EASTBOUND","14'-0"""
"-71.0253952","42.360702","TED WILLIAMS TUNNEL WESTBOUND","14'-0"""
"-71.05751389","42.34852778","THOMAS P. TIP ONEILL JR TUNNEL - 93NB","14'-0"""
"-71.05230278","42.35435","THOMAS P. TIP ONEILL JR TUNNEL - 93NB","14'-0"""
"-71.0519111","42.35927222","THOMAS P. TIP ONEILL JR TUNNEL - 93NB","14'-0"""
"-71.0659722","42.36623611","THOMAS P. TIP ONEILL JR TUNNEL - 93SB","14'-0"""
"-71.06059722","42.36623611","THOMAS P. TIP ONEILL JR TUNNEL - 93SB","14'-0"""
"-71.05674722","42.36251389","THOMAS P. TIP ONEILL JR TUNNEL - 93SB","14'-0"""
"-71.05228333","42.35945833","THOMAS P. TIP ONEILL JR TUNNEL - 93SB","14'-0"""
"-71.0521312","42.3584596","THOMAS P. TIP ONEILL JR TUNNEL - 93SB","14'-0"""
"-118.1696","46.88565","UPRR UNDERPASS","14'-0"""
"-118.300725","34.12361111","Vermont Canyon Road Tunnel","14'-0"""
"-108.16927778","43.445975","Wind River Canyon Tunnel No. 2","14'-0"""
"-108.16886389","43.447475","Wind River Canyon Tunnel No. 3","14'-0"""
"-108.16970556","43.44447778","Wind River CanyonTunnel No. 1","14'-0"""
"-106.145556","38.876839",,"14'-0"""
"-86.161866","39.76291","Capitol Avenue under CSX RR and Other Items","14'-2"""
"-119.95","39.046","Cave Rock Tunnel","14'-2"""
"-82.89369","35.30569458","DEVILS COURTHOUSE TUNNEL","14'-2"""
"-105.933056","39.678889","Eisenhower Westbound","14'-2"""
"-82.67403","35.45566558","FERRIN KNOB TUNNEL #2","14'-2"""
"-76.31785556","37.00103056","Hampton Roads Bridge Tunnel WBL","14'-2"""
"-87.646926","41.887388","Hubbards Cave","14'-2"""
"-86.160099","39.762042","Illinois Street under CSX RR and Other Items","14'-2"""
"-83.26908","35.52022171","RATTLESNAKE MOUNTAIN TUNNEL","14'-2"""
"-71.05648889","42.36275833","THOMAS P. TIP ONEILL JR TUNNEL - 93NB","14'-2"""
"-71.05246667","42.35469444","THOMAS P. TIP ONEILL JR TUNNEL - 93SB","14'-2"""
"-121.415","47.7333336","TUNNEL","14'-2"""
"-122.27816973","37.78807774","Webster Street Tube (SR 260 SB)","14'-2"""
"-82.044803","35.752489",,"14'-2"""
"-122.21743397","37.85454976","Caldecott Tunnel Bore 1","14'-3"""
"-76.28888611","36.9215","Downtown Tunnel WBL","14'-3"""
"-82.66656","35.45522308","FERRIN KNOB TUNNEL #1","14'-3"""
"-121.37324272","39.86918796","Grizzly Dome Tunnel","14'-3"""
"-71.04507778","42.34822222","I-90 EB CONNECTOR TUNNEL","14'-3"""
"-105.931944","39.678333","Johnson Eastbound","14'-3"""
"-76.31896389","36.85409722","Midtown Tunnel","14'-3"""
"-83.27084","35.51239013","SHERILL COVE TUNNEL","14'-3"""
"-71.0248871","42.3654149","TED WILLIAMS TUNNEL WESTBOUND","14'-3"""
"-71.0587604","42.3650439","THOMAS P. TIP ONEILL JR TUNNEL - 93NB","14'-3"""
"-71.0562048","42.3617853","THOMAS P. TIP ONEILL JR TUNNEL - 93SB","14'-3"""
"-117.4183","47.66224","WASHINGTON ST TUNNEL","14'-3"""
"-82.11736","35.82997131","WILDACRES TUNNEL","14'-3"""
"-157.81201111","21.37969722","Wilson Tunnel (Inbound)","14'-3"""
"-157.81861945","21.37553056","Wilson Tunnel (Outbound)","14'-3"""
"-105.026111","38.731667",,"14'-3"""
"-77.02805556","38.88805556","12th Street Expressway under Independence Avenue","14'-4"""
"-123.9663528","45.79968333","Arch Cape Tunnel, Hwy 9","14'-4"""
"-118.23132073","34.07569788","Figueroa Street Tunnel","14'-4"""
"-82.62219","35.47019577","GRASSY KNOB TUNNEL","14'-4"""
"-80.13722222","26.11694444","Henry E. Kinney Tunnel","14'-4"""
"-82.64208","35.45033264","PINE MOUNTAIN TUNNEL","14'-4"""
"-83.036703","35.722303",,"14'-4"""
"-77.02805556","38.88972222","12th St. Expressway under Mall & Jefferson Drive","14'-5"""
"-105.375278","40.693889","Mishawaka","14'-5"""
"-77.015","38.88222222","Southwest Freeway over 4th St. to 2nd St., S.W.","14'-5"""
"-71.05806389","42.36504444","THOMAS P. TIP ONEILL JR TUNNEL - 93NB","14'-5"""
"-82.044803","35.754425",,"14'-5"""
"-77.025","38.88833333","9th Street Expressway under the Mall","14'-6"""
"-122.3478","47.613987","BATTERY ST TUNNEL","14'-6"""
"-122.41781254","37.79634027","Broadway Street Tunnel","14'-6"""
"-105.3225","39.739722","Clear Creek Canyon #2","14'-6"""
"-82.38353","35.6879158","CRAGGY FLATS TUNNEL","14'-6"""
"-82.67553","35.45427703","FERRIN KNOB TUNNEL #3","14'-6"""
"-72.67557","41.76992","Hartford I-84 Platform","14'-6"""
"-118.80441667","34.10806111","Kanan Road Southbound","14'-6"""
"-82.74189","35.42216491","LITTLE PISGAH RIDGE TUNNEL","14'-6"""
"-82.08686","35.85208511","LITTLE SWITZERLAND TUNNEL","14'-6"""
"-81.738056","37.611944","Rocky Bend Access Tunnel","14'-6"""
"-82.46091","35.66272354","TANBARK RIDGE TUNNEL","14'-6"""
"-82.16898","35.76402664","TWIN TUNNEL #1","14'-6"""
"-77.04694444","38.86911111","Virginia Avenue over E Street Expressway","14'-6"""
"-122.21745274","37.85462693","Caldecott Tunnel Bore 2","14'-8"""
"-108.4241","37.28491592","CHAPIN MESA ROAD TUNNEL","14'-8"""
"-121.37323237","39.87287572","Elephant Butte Tunnel","14'-8"""
"-122.132553","47.57761","I-90 OVER SE 35TH","14'-8"""
"-123.3728","48.01055526","NORTH TUNNEL (HURRICANE)","14'-8"""
"-77.04833333","38.90222222","Washington Circle over K Street Expressway","14'-8"""
"-106.145556","38.876111",,"14'-8"""
"-105.334722","40.005556","Boulder Canyon","14'-9"""
"-120.22609922","34.48816275","Gaviota Gorge Tunnel","14'-9"""
"-76.30097778","36.93678056","I-564 Runway Tunnel","14'-9"""
"-122.27657404","37.78744035","Posey Tube (SR 260 NB)","14'-9"""
"-122.3212","47.67428","RAVENNA-S RAMP �TUNNEL","14'-9"""
"-82.20728","35.72716522","ROUGH RIDGE TUNNEL","14'-9"""
"-122.305","47.435","S 188TH ST TUNNEL BR 1","14'-9"""
"-77.02805556","38.88277778","Southwest Freeway over 12th Street, S.W.","14'-9"""
"-82.69945","35.45555496","YOUNG PISGAH RIDGE TUNNEL","14'-9"""
"-87.634146","41.875072",,"14'-9"""
"-122.3298","47.60458","5TH-EXP �TUNNEL","14'-10"""
"-105.73972","39.739722","Clear Creek Canyon #6","14'-10"""
"-122.328331","47.6183319","EXPRESS LANES TUNNEL","14'-10"""
"-75.649713","40.773771","Lehigh Tunnel NB","14'-10"""
"-76.99065555","38.87694444","Mall Tunnel Center Leg Freeway (I-395)","14'-10"""
"-66.06333","18.45472","Minillas Tunnel","14'-10"""
"-109.9436","31.4593","Mule Pass Tunnel","14'-10"""
"-112.2981","37.74","Second Rock Tunnel in Red Canyon","14'-10"""
"-113.7895","48.7512207","WEST TUNNEL","14'-10"""
"-106.148333","38.880278",,"14'-10"""
"-122.2182504","37.85488925","Caldecott Tunnel Bore 3","14'-11"""
"-122.323","47.6434555","I-5 OVER S-E RAMP TUNNEL","14'-11"""
"-122.3177","47.68267","ROOSEVELT WAY TUNNEL","14'-11"""
"-105.206111","39.669167",,"14'-11"""
"-121.39200632","39.85229711","Arch Rock Tunnel","15'-0"""
"-79.989861","40.434636","Armstrong Tunnel","15'-0"""
"-122.4856","37.83924865","BAKER-BARRY TUNNEL","15'-0"""
"-122.625862","47.56339","BREMERTON TUNNEL","15'-0"""
"-109.18558056","44.50180833","Buffalo Bill Tunnel No. 1","15'-0"""
"-109.17530278","44.50873333","Buffalo Bill Tunnel No. 2","15'-0"""
"-109.17406111","44.50903611","Buffalo Bill Tunnel No. 3","15'-0"""
"-122.329445","47.6251945","E-S RAMP �TUNNEL","15'-0"""
"-86.1174","42.7416","Holland Airport","15'-0"""
"-117.389091","47.6535645","I-90 OVER S PERRY ST","15'-0"""
"-118.813075","34.07276111","Kanan Dume Road NB Tunnel","15'-0"""
"-123.7656222","44.011025","Knowles Creek Tunnel, Hwy 62 at MP 19.68","15'-0"""
"-84.503634","39.100452","Lytle Tunnel","15'-0"""
"-122.328339","47.62305","N-W RAMP �TUNNEL","15'-0"""
"-105.85721666","32.94707777","No Name","15'-0"""
"-123.3761","48.0078048","SOUTH TUNNEL (HURRICANE)","15'-0"""
"-105.124167","38.519444",,"15'-0"""
"-148.7686","60.7831","Anton Anderson Tunnel","15'-2"""
"-77.04785278","38.76265278","New Hampshire Avenue over E Street Expressway","15'-2"""
"-123.74663212","41.96816829","Randolph Collier Tunnel (Hazelview Summit)","15'-2"""
"-122.331833","47.6094437","WASH ST CONVENTION CENTER","15'-2"""
"-122.296669","47.59","MARTIN L KING LID","15'-3"""
"-122.291664","47.59","MT BAKER RIDGE TUNNEL","15'-3"""
"-156.55675","20.78832778","Olowalu Tunnel","15'-3"""
"-76.98126667","38.87793056","Pennsylvania Avenue, S.E. over S.E. Freeway Tunnel","15'-3"""
"-121.274223","45.6873627","TUNNEL NO 7","15'-3"""
"-82.17078","35.76127624","TWIN TUNNEL #2","15'-3"""
"-118.22965863","34.07709505","Figueroa Street Tunnel","15'-4"""
"-76.98178056","38.87829722","Pennsylvania Avenue, S.E. over Ramp F Tunnel","15'-4"""
"-121.2252","48.6911659","TUNNEL","15'-4"""
"-122.728897","45.519364","W Burnside Tunnel","15'-4"""
"-113.6984","48.69702911","EAST TUNNEL","15'-5"""
"-157.85577778","21.40211111","Harano Tunnel (Inbound)","15'-5"""
"-157.85555556","21.40483333","Harano Tunnel (Outbound)","15'-5"""
"-93.28758333","44.96513333","LOWRY HILL TUNNEL","15'-5"""
"-157.79128889","21.36765","Pali Tunnel No. 2A (Outbound)","15'-6"""
"-122.568314","45.545631","Rocky Butte Tunnel","15'-6"""
"-74.445132","39.970074","Atlantic City Expressway Connector Tunnel","15'-8"""
"-71.0628","42.3711","CANA TUNNEL NORTHBOUND","15'-8"""
"-122.51569031","37.57180713","Devil's Slide Tunnel","15'-8"""
"-122.51543381","37.57173638","Devil's Slide Tunnel","15'-8"""
"-86.149065","39.76604","East Street under CSX RR and Other Items","15'-8"""
"-118.22848146","34.07808567","Figueroa Street Tunnel","15'-8"""
"-79.7315","40.0885","Layton Tunnel","15'-8"""
"-103.42995958","43.90117043","Miner's Gateway Tunnel","15'-8"""
"-122.291664","47.59","MT BAKER RIDGE TUNNEL","15'-8"""
"-117.418","47.65575","BNSF OC WASHINGTON ST","15'-9"""
"-123.918861","46.25164","FORT COLUMBIA TUNNEL","15'-9"""
"-123.3743","48.00952911","MIDDLE TUNNEL (HURRICANE)","15'-9"""
"-157.792225","21.36728333","Pali Tunnel No. 1 (Inbound)","15'-9"""
"-157.79001389","21.36839722","Pali Tunnel No. 2 (Inbound)","15'-9"""
"-118.24950556","34.05176111","Third Street Tunnel","15'-9"""
"-83.51852","35.74469375","GATLINBURG TUNNEL","15'-10"""
"-83.42011","35.61694335","MORTON MOUNTAIN TUNNEL","15'-10"""
"-80.72286","40.07247","Wheeling Tunnel","15'-10"""
"-124.1220139","44.132625","Cape Creek Tunnel, Hwy 9","15'-11"""
"-118.23393655","34.07301796","Figueroa Street Tunnel","15'-11"""
"-157.79463889","21.36543889","Pali Tunnel No. 1A (Outbound)","15'-11"""
"-71.02563","42.366363","ARRIVALS ROAD AND RAMP 1A-A","16'-0"""
"-71.0604","42.3725","CANA TUNNEL SOUTHBOUND","16'-0"""
"-76.58974167","39.26435","FMT - Fort McHenry Tunnel","16'-0"""
"-117.90486873","33.8054654","N133-N241 Connector UC","16'-0"""
"-122.46152222","37.801825","Northbound 101 Battery Tunnel","16'-0"""
"-80.17600833","25.785775","SR 887 Port of Miami Tunnel","16'-0"""
"-85.318867","35.0731","Stringers Ridge Tunnel","16'-0"""
"-121.9360472","45.63816111","Tooth Rock Tunnel, Hwy 2 EB","16'-0"""
"-105.474722","39.744444","Veterans Memorial Eastbound","16'-0"""
"-105.474722","39.744722","Veterans Memorial Westbound","16'-0"""
"-122.36693623","37.80826586","Yerba Buena Crossing","16'-0"""
"-105.4603","38.9086","11 Mile #2","16'-2"""
"-91.009667","29.8727","Belle Chasse Tunnel","16'-2"""
"-112.9237","37.21752929","SHORT TUNNEL","16'-2"""
"-122.256668","47.9216652","SR 526 OVER E-N RAMP TUNNEL","16'-2"""
"-83.47242","35.63639068","CHIMNEY TOPS TUNNEL","16'-3"""
"-122.229996","47.5866661","E-S RAMP TUNNEL","16'-3"""
"-118.37033056","33.92894167","E105-N405 Connector Tunnel","16'-3"""
"-118.37044959","33.92839787","E105-S405 Connector Tunnel","16'-3"""
"-89.974389","35.052583","Memphis Airport Runway Tunnel","16'-3"""
"-122.229996","47.5866661","REV E-S RAMP TUNNEL","16'-3"""
"-118.369075","33.92771389","W105-S405 Connector Tunnel","16'-3"""
"-122.3374833","37.50564684","W92-S280  Connector UC","16'-3"""
"-88.04013333","30.68878888","Wallace Tunnel","16'-3"""
"-80.056938","40.45236","Berry St/W. Busway Tunnel","16'-4"""
"-112.0779","33.4616","Deck At Central Ave","16'-4"""
"-81.84825","38.36385","Historic Armstrong Tunnel","16'-4"""
"-122.192917","47.4903336","HOUSER WAY TUNNEL","16'-4"""
"-90.3958075","38.75588806","LINDBERGH BOUELVARD US 67 RUNWAY TUNNEL","16'-4"""
"-102.9764","29.20219421","RIO GRANDE OVERLOOK TUNNEL","16'-4"""
"-79.966919","37.331983","Roanoke Airport Tunnel","16'-4"""
"-122.454175","37.80315","Southbound 101 Main Post Tunnel","16'-4"""
"-121.26919138","38.74508629","E80 Offramp/E80 Onramp SEP (Short Section)","16'-5"""
"-122.249794","47.5902138","FIRST HILL LID","16'-5"""
"-122.46141732","37.80159393","Southbound 101 Battery Tunnel","16'-5"""
"-104.9878278","39.726906",,"16'-5"""
"-117.90402277","33.80537713","241/N261 - N241 Connector Separation","16'-6"""
"-96.838721","32.969029","Addison Airport Toll Tunnel","16'-6"""
"-78.867297","39.965586","Allegheny Tunnel EB","16'-6"""
"-78.848183","39.957608","Allegheny Tunnel WB","16'-6"""
"-81.12585278","37.03526389","Big Walker Mountain Tunnel","16'-6"""
"-77.660315","40.148843","Blue Mountain Tunnel EB","16'-6"""
"-77.646506","40.143373","Blue Mountain Tunnel WB","16'-6"""
"-116.016","40.722","Carlin","16'-6"""
"-116.0159","40.722","Carlin","16'-6"""
"-117.10924228","32.75142248","Disney Way UC (SB)","16'-6"""
"-76.3008417","36.83093889","Downtown Tunnel EBL","16'-6"""
"-76.31840278","37.00050833","Hampton Roads Bridge Tunnel EBL","16'-6"""
"-77.677081","40.156042","Kittatinny Tunnel EB","16'-6"""
"-77.661994","40.150033","Kittatinny Tunnel WB","16'-6"""
"-75.655772","40.784917","Lehigh Tunnel SB","16'-6"""
"-76.41077222","36.95937222","Monitor Merrimac Memorial Bridge Tunnel","16'-6"""
"-86.6858","36.111583","Nashville International Airport Runway Tunnel","16'-6"""
"-107.305833","39.561389","No Name Eastbound","16'-6"""
"-83.3596","42.2002","Runway 9, Taxiway J and T","16'-6"""
"-83.3498","42.2317","Taxiway F","16'-6"""
"-77.854208","40.090646","Tuscarora Tunnel EB","16'-6"""
"-77.835539","40.087633","Tuscarora Tunnel WB","16'-6"""
"-81.12508","37.28245","East River Mountain Tunnel","16'-8"""
"-81.12180278","37.26700278","East River Mountain Tunnel","16'-8"""
"-75.211831","39.881232","Ft. Mifflin Road Tunnel","16'-8"""
"-122.174812","47.58072","I-90 OVER S-E RAMP TUNNEL","16'-8"""
"-107.305833","39.561667","No Name Westbound","16'-8"""
"-105.4492","38.9158","11 Mile #3","16'-9"""
"-117.7470335","33.78327355","133/N241-S133 Connector Separation","16'-9"""
"-122.227776","47.6355553","84TH AVE NE OVER SR 520","16'-9"""
"-122.21862002","37.85497017","Caldecott Tunnel Bore 4","16'-9"""
"-122.229996","47.5866661","N-W RAMP TUNNEL","16'-9"""
"-117.71997854","33.7182229","N125-W54 Connector UC","16'-9"""
"-122.310181","47.59135","S-E RAMP �TUNNEL","16'-9"""
"-94.189833","35.76425",,"16'-9"""
"-82.25263","37.91263","Breeden Tunnel","16'-10"""
"-122.173988","47.579937","I-90 OVER N-W RAMP TUNNEL","16'-10"""
"-74.755","40.18833","NJ 29 NB Highway Tunnel","16'-10"""
"-122.264641","47.83006","S-S RAMP OVER S-E RAMP","16'-10"""
"-122.21801","47.6406136","92ND AVE NE OVER SR 520","16'-11"""
"-116.257336","47.26995","CM&PS Tunnel 37; Herrick","16'-11"""
"-109.46801111","41.53568611","Green River Tunnel - EBL","16'-11"""
"-93.21474444","44.91607222","MINNEHAHA TUNNEL","16'-11"""
"-122.33","47.6083336","S-COL RAMP UNDER PLAZA","16'-11"""
"-122.27239722","37.88957778","Solano-Sutter Street Tunnel","16'-11"""
"-115.7855","40.8295","Airport runway Elko","17'-0"""
"-115.1457","36.072","Airport runway LV","17'-0"""
"-115.079","36.0722","Airport runway LV","17'-0"""
"-119.948","39.046","Cave Rock Tunnel","17'-0"""
"-123.50865","43.6554","Elk Creek Tunnel, Hwy 45","17'-0"""
"-107.194167","39.586389","Hanging Lake Eastbound","17'-0"""
"-83.6843","36.60308456","CUMBERLAND GAP TUNNEL","17'-2"""
"-107.194444","39.586667","Hanging Lake Westbound","17'-2"""
"-122.45414167","37.80341944","Northbound 101 Main Post Tunnel","17'-2"""
"-121.19722","48.7016678","TUNNEL","17'-2"""
"-109.69002778","41.53586944","Green River Tunnel - WBL","17'-3"""
"-118.81092222","34.10528056","Kanan Road Southbound","17'-3"""
"-122.135864","47.6391945","NE 36TH ST OVER SR 520","17'-3"""
"-104.898056","38.794444",,"17'-3"""
"-117.01871387","32.69042303","Disney Way UC (NB)","17'-4"""
"-104.8983","38.7944","Gold Camp #2","17'-4"""
"-148.839","60.7856","Portage Creek Tunnel","17'-4"""
"-106.775","37.548333","Wolf Creek","17'-5"""
"-82.38811","38.39875","Norwood Road Tunnel","17'-6"""
"-77.07371111","38.8987","Rosslyn Tunnel","17'-6"""
"-122.48541723","37.843268","Waldo Tunnel","17'-6"""
"-95.2117132","29.72232057","Washburn Tunnel","17'-6"""
"-121.91554766","37.35129276","Airport Blvd On-Ramp UC","17'-9"""
"-117.72368068","33.71074631","Polk-Orange Avenue Tunnel","17'-9"""
"-121.982719","45.64086","RR TUNNEL OVER SR 14","17'-9"""
"-65.87111","18.01","Vicente Morals Tunnel","17'-10"""
"-65.87083","18.01","Vicente Morals Tunnel","17'-10"""
"-115.772661","47.272906","CM&PS Tunnel 35; Stetson #2","17'-11"""
"-84.36645","33.84601","Financial Center Tunnel","18'-0"""
"-92.08406111","46.79664167","LEIF ERIKSON TUNNEL","18'-0"""
"-122.214447","47.92202","SR 526 OVER E-N RAMP TUN","18'-0"""
"-122.48580134","37.8432135","Waldo Tunnel","18'-0"""
"-122.227333","47.58572","LUTHER BURBANK LID","18'-2"""
"-75.192467","39.976208","Rock Tunnel over Kelly Drive","18'-2"""
"-122.6972361","45.51577222","Vista Ridge Tunnel, Hwy 47 EB","18'-2"""
"-122.238335","47.6372223","EVERGREEN POINT ROAD LID","18'-3"""
"-85.69553381","38.24323626","Cochran Hill","18'-4"""
"-81.67054","37.47616","Twin Branch Tunnel","18'-6"""
"-111.5612","40.361","SR-189EB Tunnel at Wildwood in Provo Canyon","18'-8"""
"-111.5599","40.363","SR-189WB Tunnel at Wildwood in Provo Canyon","18'-8"""
"-115.748883","47.340903","CM&PS Tunnel 31; Glade Creek #1","18'-9"""
"-115.753844","47.332369","CM&PS Tunnel 32; Glade Creek #2","18'-9"""
"-115.760111","47.320864","CM&PS Tunnel 33; Kyle","18'-9"""
"-83.3468","42.2178","Runway 9, Taxiway V","18'-9"""
"-122.721539","45.528619","Cornell Tunnel #1, NW Cornell Rd","18'-10"""
"-122.716025","45.531219","Cornell Tunnel #2, (West), NW Cornell Rd","18'-10"""
"-115.776578","47.265729","CM&PS Tunnel 36; Stetson #3","19'-0"""
"-107.161389","39.602778","Hanging Lake Reverse Curve","19'-3"""
"-86.81586","33.471137","Palisades Drive Tunnel","19'-3"""
"-115.741931","47.344706","CM&PS Tunnel 30; Deer Creek #2","19'-6"""
"-115.775178","47.299317","CM&PS Tunnel 34; Stetson #1","19'-6"""
"-104.8856","38.7983","Gold Camp #1","19'-6"""
"-122.6971889","45.515975","Vista Ridge Tunnel, Hwy 47 WB","19'-6"""
"-105.105278","38.547222",,"19'-6"""
"-104.885556","38.798333",,"19'-6"""
"-122.46951609","37.7925856","Presidio Tunnel","19'-9"""
"-123.346863","48.10653","US 101 OVER DEER PARK LOOP","20'-0"""
"-118.81325278","34.07263056","Kanan Dume Road SB Tunnel","20'-2"""
"-108.270278","39.196111","Beavertail Westbound","20'-9"""
"-121.13551944","38.87569722","Newcastle Tunnel","20'-9"""
"-90.18584","38.62127685","SOUTH TUNNEL","20'-10"""
"-90.01647","38.62758255","NORTH TUNNEL","21'-0"""
"-90.18497","38.62335968","MIDDLE TUNNEL","21'-5"""
"-106.76466666","35.73352777","Gilman Tunnel #1","21'-6"""
"-106.76452777","35.73438888","Gilman Tunnel #2","21'-6"""
"-108.27","39.195833","Beavertail Eastbound","21'-9"""
"-106.76508888","35.73487222","Gillman Tunnel","21'-9"""
"-118.35191389","34.43143056","Soledad Canyon Road Tunnel","21'-9"""
"-115.667624","47.36088","Old Milwaukee Road Railroad Trail Tunnel","22'-0"""
"-115.59465","47.403033","Dominion Tunnel No. 19","22'-0"""
"-115.844897","47.202821","Fishhook","22'-0"""
"-106.76819444","35.73391666","Gillman Tunnel","22'-0"""
"-157.81541944","21.40202222","Hospital Rock Tunnel (Outbound)","22'-0"""
"-118.80422778","34.10824722","Kanan Road Northbound","22'-0"""
"-77.78768","39.27014","Bloomery Road Tunnel","22'-4"""
"-109.97867778","42.88166389","Wildlife Overpass","22'-8"""
"-115.66045","47.4331","Borax","22'-9"""
"-91.55206389","47.09564722","LAFAYETTE BLUFF TUNNEL","22'-11"""
"-110.078251","42.912778","Wildlife Overpass","23'-0"""
"-116.8555","44.988778","Copperfield Tunnel, Homestead Rd.","25'-0"""
"-83.30259","38.03819","Little Lick Branch Tunnel","25'-3"""
"-117.22324","43.67473","Owyhee Tunnel, Owyhee Lake Rd","27'-0"""
"-157.81468056","21.40157778","Hospital Rock Tunnel (Inbound)","27'-3"""
"-91.59422222","47.06780556","SILVER CREEK CLIFF TUNNEL","28'-11"""
"-122.48588161","37.83905969","Fort Cronkhite Tunnel UC","44'-8"""
